<?xml version='1.0' encoding='ISO-8859-1' ?>
<!DOCTYPE toc PUBLIC "-//Sun Microsystems Inc.//DTD JavaHelp TOC Version 1.0//EN" "http://java.sun.com/products/javahelp/toc_1_0.dtd">
<toc version="1.0">
  <tocitem text="Allanon Kurzreferenz" image="openbook" target="allanon_vorwort">
    <tocitem image="topic" target="allanon_einfuehrung" text="Einf�hrung"/>
    <tocitem image="topic" target="allanon_welten" text="die Welten"/>
    <tocitem image="topic" target="allanon_rassen" text="die Rassen"/>
    <tocitem image="topic" target="allanon_talente" text="die Talente"/>
    <tocitem image="topic" target="allanon_geld" text="Geld und Einkommen"/>
    <tocitem image="topic" target="allanon_produktion" text="Produktion von Waren"/>
    <tocitem image="topic" target="allanon_reisen" text="Reisen"/>
    <tocitem image="topic" target="allanon_magie" text="Magie"/>
    <tocitem image="topic" target="allanon_allianzen" text="Allianzen"/>
    <tocitem image="topic" target="allanon_konflikt" text="Kriege und Konflikte"/>
    <tocitem image="topic" target="allanon_kultur" text="Kulturen"/>
    <tocitem image="topic" target="allanon_monster" text="Monster"/>
    <tocitem image="topic" target="allanon_befehle" text="die Befehle"/>
    <tocitem image="topic" target="allanon_reihenfolge" text="Befehlsreihenfolge"/>
    <tocitem image="topic" target="allanon_fairness" text="Fairness"/>
  </tocitem>

</toc>