<shortcuts>
  <!-- +++++++++++++++++++++++++++++++++++++++++++ -->
  <programGroup defaultName="Magellan" location="applications"/>
  <!-- +++++++++++++++++++++++++++++++++++++++++++ -->
  <shortcut 
    name="Magellan"
    target="$INSTALL_PATH/magellan.sh"
    workingDirectory="$INSTALL_PATH"
    description="Magellan Client für Eressea etc."
    iconFile="$INSTALL_PATH/etc/images/favicon.ico"
    initialState="normal"
    programGroup="yes"
    desktop="yes" 
    applications="no" 
    startMenu="no" 
    startup="no"
    type="Application"
    encoding="UTF-8"
    terminal="no">
    <createForPack name="Magellan"/>
  </shortcut>
  <shortcut 
    name="Hilfe für Magellan"
    target="$INSTALL_PATH/help.sh"
    workingDirectory="$INSTALL_PATH"
    description="Die Magellan-Dokumentation"
    initialState="noShow"
    programGroup="yes"
    desktop="no" 
    applications="no" 
    startMenu="no" 
    startup="no"
    type="Application"
    encoding="UTF-8"
    terminal="no">
    <createForPack name="Help"/>
  </shortcut>
  <shortcut 
    name="Lies mich"
    target="$INSTALL_PATH/README.txt"
    workingDirectory="$INSTALL_PATH"
    description="Einführung in Magellan"
    initialState="noShow"
    programGroup="yes"
    desktop="no" 
    applications="no" 
    startMenu="no" 
    startup="no">
    <createForPack name="Magellan"/>
  </shortcut>
  <shortcut 
    name="CHANGELOG"
    target="$INSTALL_PATH/CHANGELOG.txt"
    workingDirectory="$INSTALL_PATH"
    description="Liste der Veränderungen"
    initialState="noShow"
    programGroup="yes"
    desktop="no" 
    applications="no" 
    startMenu="no" 
    startup="no">
    <createForPack name="Magellan"/>
  </shortcut>
  <shortcut 
    name="Uninstall"
    target="$INSTALL_PATH/UnInstall.sh"
    workingDirectory="$INSTALL_PATH"
    terminal="yes"
    runAsAdministrator="yes"
    description="Um Magellan zu deinstallieren"
    initialState="noShow"
    programGroup="yes"
    desktop="no" 
    applications="no" 
    startMenu="no" 
    startup="no"
    type="Application"
    encoding="UTF-8"
    <createForPack name="Magellan"/>
  </shortcut>
  <!-- +++++++++++++++++++++++++++++++++++++++++++ -->
</shortcuts>

